<?xml version="1.0" encoding="utf-8" ?><dwsync><file name="Adobe_Font_Metrics.php" server="6ad.311.myftpupload.com" local="3474062548" remote="12092587952" Dst="-1" /><file name="Encoding_Map.php" server="6ad.311.myftpupload.com" local="3474062548" remote="12092587952" Dst="-1" /><file name="font.cls.php" server="6ad.311.myftpupload.com" local="3474062548" remote="12092587952" Dst="-1" /><file name="Font.php" server="6ad.311.myftpupload.com" local="3474062548" remote="12092587952" Dst="-1" /><file name="Font_Binary_Stream.php" server="6ad.311.myftpupload.com" local="3474062548" remote="12092587952" Dst="-1" /><file name="Font_EOT.php" server="6ad.311.myftpupload.com" local="3474062548" remote="12092587952" Dst="-1" /><file name="Font_EOT_Header.php" server="6ad.311.myftpupload.com" local="3474062548" remote="12092587952" Dst="-1" /><file name="Font_Glyph_Outline.php" server="6ad.311.myftpupload.com" local="3474062548" remote="12092587952" Dst="-1" /><file name="Font_Glyph_Outline_Component.php" server="6ad.311.myftpupload.com" local="3474062548" remote="12092587952" Dst="-1" /><file name="Font_Glyph_Outline_Composite.php" server="6ad.311.myftpupload.com" local="3474062548" remote="12092587952" Dst="-1" /><file name="Font_Glyph_Outline_Simple.php" server="6ad.311.myftpupload.com" local="3474062548" remote="12092587952" Dst="-1" /><file name="Font_Header.php" server="6ad.311.myftpupload.com" local="3474062548" remote="12092587952" Dst="-1" /><file name="Font_OpenType.php" server="6ad.311.myftpupload.com" local="3474062548" remote="12092587952" Dst="-1" /><file name="Font_OpenType_Table_Directory_Entry.php" server="6ad.311.myftpupload.com" local="3474062548" remote="12092587952" Dst="-1" /><file name="Font_Table.php" server="6ad.311.myftpupload.com" local="3474062548" remote="12092587952" Dst="-1" /><file name="Font_Table_cmap.php" server="6ad.311.myftpupload.com" local="3474062548" remote="12092587952" Dst="-1" /><file name="Font_Table_Directory_Entry.php" server="6ad.311.myftpupload.com" local="3474062548" remote="12092587952" Dst="-1" /><file name="Font_Table_glyf.php" server="6ad.311.myftpupload.com" local="3474062548" remote="12092587952" Dst="-1" /><file name="Font_Table_head.php" server="6ad.311.myftpupload.com" local="3474062548" remote="12092587952" Dst="-1" /><file name="Font_Table_hhea.php" server="6ad.311.myftpupload.com" local="3474062548" remote="12092587952" Dst="-1" /><file name="Font_Table_hmtx.php" server="6ad.311.myftpupload.com" local="3474062548" remote="12092587952" Dst="-1" /><file name="Font_Table_kern.php" server="6ad.311.myftpupload.com" local="3474062548" remote="12092588012" Dst="-1" /><file name="Font_Table_loca.php" server="6ad.311.myftpupload.com" local="3474062548" remote="12092588012" Dst="-1" /><file name="Font_Table_maxp.php" server="6ad.311.myftpupload.com" local="3474062548" remote="12092588012" Dst="-1" /><file name="Font_Table_name.php" server="6ad.311.myftpupload.com" local="3474062548" remote="12092588012" Dst="-1" /><file name="Font_Table_name_Record.php" server="6ad.311.myftpupload.com" local="3474062548" remote="12092588012" Dst="-1" /><file name="Font_Table_os2.php" server="6ad.311.myftpupload.com" local="3474062548" remote="12092588012" Dst="-1" /><file name="Font_Table_post.php" server="6ad.311.myftpupload.com" local="3474062548" remote="12092588012" Dst="-1" /><file name="Font_TrueType.php" server="6ad.311.myftpupload.com" local="3474062548" remote="12092588012" Dst="-1" /><file name="Font_TrueType_Collection.php" server="6ad.311.myftpupload.com" local="3474062548" remote="12092588012" Dst="-1" /><file name="Font_TrueType_Header.php" server="6ad.311.myftpupload.com" local="3474062548" remote="12092588012" Dst="-1" /><file name="Font_TrueType_Table_Directory_Entry.php" server="6ad.311.myftpupload.com" local="3474062548" remote="12092588012" Dst="-1" /><file name="Font_WOFF.php" server="6ad.311.myftpupload.com" local="3474062548" remote="12092588012" Dst="-1" /><file name="Font_WOFF_Header.php" server="6ad.311.myftpupload.com" local="3474062548" remote="12092588012" Dst="-1" /><file name="Font_WOFF_Table_Directory_Entry.php" server="6ad.311.myftpupload.com" local="3474062548" remote="12092588012" Dst="-1" /></dwsync>