<?xml version="1.0" encoding="utf-8" ?><dwsync><file name="File.otf" server="6ad.311.myftpupload.com" local="3474062548" remote="12092588012" Dst="-1" /><file name="ind_hi_1_001.ttf" server="6ad.311.myftpupload.com" local="3474062548" remote="12092588012" Dst="-1" /><file name="ind_bn_1_001.ttf" server="6ad.311.myftpupload.com" local="3474062548" remote="12092588012" Dst="-1" /><file name="ind_gu_1_001.ttf" server="6ad.311.myftpupload.com" local="3474062548" remote="12092588012" Dst="-1" /><file name="ind_kn_1_001.ttf" server="6ad.311.myftpupload.com" local="3474062548" remote="12092588012" Dst="-1" /><file name="ind_ml_1_001.ttf" server="6ad.311.myftpupload.com" local="3474062548" remote="12092588012" Dst="-1" /><file name="ind_pa_1_001.ttf" server="6ad.311.myftpupload.com" local="3474062548" remote="12092588012" Dst="-1" /><file name="ind_ta_1_001.ttf" server="6ad.311.myftpupload.com" local="3474062548" remote="12092588012" Dst="-1" /><file name="ind_or_1_001.ttf" server="6ad.311.myftpupload.com" local="3474062548" remote="12092588012" Dst="-1" /><file name="ind_te_1_001.ttf" server="6ad.311.myftpupload.com" local="3474062548" remote="12092588012" Dst="-1" /><file name="Norasi-Bold.ttf" server="6ad.311.myftpupload.com" local="3474062548" remote="12092588012" Dst="-1" /><file name="Norasi-BoldOblique.ttf" server="6ad.311.myftpupload.com" local="3474062548" remote="12092588012" Dst="-1" /><file name="Norasi-Oblique.ttf" server="6ad.311.myftpupload.com" local="3474062548" remote="12092588012" Dst="-1" /><file name="Norasi.eot" server="6ad.311.myftpupload.com" local="3474062548" remote="12092588012" Dst="-1" /><file name="Norasi.ttf" server="6ad.311.myftpupload.com" local="3474062548" remote="12092588012" Dst="-1" /></dwsync>