<?xml version="1.0" encoding="utf-8" ?><dwsync><file name="ui-bg_diagonals-thick_75_f3d8d8_40x40.png" server="6ad.311.myftpupload.com" local="3474062548" remote="12092588072" Dst="-1" /><file name="ui-bg_dots-small_65_a6a6a6_2x2.png" server="6ad.311.myftpupload.com" local="3474062548" remote="12092588072" Dst="-1" /><file name="ui-bg_flat_0_333333_40x100.png" server="6ad.311.myftpupload.com" local="3474062548" remote="12092588072" Dst="-1" /><file name="ui-bg_flat_65_ffffff_40x100.png" server="6ad.311.myftpupload.com" local="3474062548" remote="12092588072" Dst="-1" /><file name="ui-bg_flat_75_ffffff_40x100.png" server="6ad.311.myftpupload.com" local="3474062548" remote="12092588072" Dst="-1" /><file name="ui-bg_glass_55_fbf8ee_1x400.png" server="6ad.311.myftpupload.com" local="3474062548" remote="12092588072" Dst="-1" /><file name="ui-bg_highlight-hard_100_eeeeee_1x100.png" server="6ad.311.myftpupload.com" local="3474062548" remote="12092588072" Dst="-1" /><file name="ui-bg_highlight-hard_100_f6f6f6_1x100.png" server="6ad.311.myftpupload.com" local="3474062548" remote="12092588072" Dst="-1" /><file name="ui-bg_highlight-soft_15_cc0000_1x100.png" server="6ad.311.myftpupload.com" local="3474062548" remote="12092588072" Dst="-1" /><file name="ui-icons_004276_256x240.png" server="6ad.311.myftpupload.com" local="3474062548" remote="12092588072" Dst="-1" /><file name="ui-icons_cc0000_256x240.png" server="6ad.311.myftpupload.com" local="3474062548" remote="12092588072" Dst="-1" /><file name="ui-icons_ffffff_256x240.png" server="6ad.311.myftpupload.com" local="3474062548" remote="12092588072" Dst="-1" /></dwsync>